id_orden,id_equipo,id_hospital,id_tecnico,tipo_servicio,fecha_solicitud,fecha_resolucion,horas_paro_equipo,costo_refacciones,estado_orden
5001,101,1,1,Correctivo,2026-01-05 08:30:00,2026-01-05 20:15:00,11.75,3400.00,Cerrada
5002,105,2,2,Correctivo,2026-01-08 14:00:00,2026-01-09 10:30:00,20.50,1200.50,Cerrada
5003,103,1,1,Preventivo,2026-01-12 09:00:00,2026-01-12 15:00:00,6.00,450.00,Cerrada
5004,101,1,5,Correctivo,2026-01-18 11:20:00,2026-01-19 18:45:00,31.42,8900.00,Cerrada
5005,107,3,2,Correctivo,2026-01-22 07:15:00,2026-01-22 19:30:00,12.25,2100.00,Cerrada
5006,108,5,3,Preventivo,2026-01-25 10:00:00,2026-01-25 14:00:00,4.00,0.00,Cerrada
5007,102,4,1,Correctivo,2026-02-02 16:40:00,2026-02-04 11:10:00,42.50,14500.00,Cerrada
5008,106,2,4,Correctivo,2026-02-05 08:00:00,2026-02-05 22:30:00,14.50,1850.00,Cerrada
5009,104,3,5,Preventivo,2026-02-10 08:00:00,2026-02-10 16:00:00,8.00,620.00,Cerrada
5010,105,6,2,Correctivo,2026-02-14 12:00:00,2026-02-15 09:30:00,21.50,3100.00,Cerrada
5011,101,1,1,Correctivo,2026-02-18 09:10:00,2026-02-19 19:00:00,33.83,6750.00,Cerrada
5012,110,6,4,Correctivo,2026-02-22 15:30:00,2026-02-23 09:00:00,17.50,890.00,Cerrada
5013,109,5,3,Preventivo,2026-02-26 09:00:00,2026-02-26 13:30:00,4.50,150.00,Cerrada
5014,107,3,2,Correctivo,2026-03-01 10:15:00,2026-03-02 18:00:00,31.75,5400.00,Cerrada
5015,102,4,5,Correctivo,2026-03-05 06:45:00,2026-03-05 23:00:00,16.25,4200.00,Cerrada
